role	original_path	release_path	sha256	bytes
calibration-policy	reproduction_notes/detector_grounded_ascd_20260821/calibration/detector-owlv2-fixed-ascd-topk8-policy-v1.json	artifacts/reproduction_notes/detector_grounded_ascd_20260821/calibration/detector-owlv2-fixed-ascd-topk8-policy-v1.json	860db85509fc36cbe269644b9efdedc4a27d1a570c4267a9d3675443239884ca	1019
calibration-profile	reproduction_notes/detector_grounded_ascd_20260821/calibration/detector-owlv2-profile100-199-seed20260812-v1.json	artifacts/reproduction_notes/detector_grounded_ascd_20260821/calibration/detector-owlv2-profile100-199-seed20260812-v1.json	347c852c620dcf14c8001c8c785530f1a265ce62f75a5de7e1ae6dc072b5691e	1621
frozen-protocol	reproduction_notes/detector_grounded_ascd_20260821/frozen_protocol_2026-08-21.md	artifacts/reproduction_notes/detector_grounded_ascd_20260821/frozen_protocol_2026-08-21.md	a1570a70e59b65d119ab5a9e441d782868c819fa25c71f5188cb6b863020a777	3222
primary-split	reproduction_notes/qwen25vl_second_backbone_20260812/splits/evaluation_seed42_n500.json	artifacts/reproduction_notes/qwen25vl_second_backbone_20260812/splits/evaluation_seed42_n500.json	54a063b6e666ff04ad05782d5c352c3e58ddd83927b8abaa20e035029e66e7d1	182787
llava-primary-fixed-answers	reproduction_notes/detector_grounded_ascd_20260821/runs/llava-detector-grounded-fixed-n300-start200-seed42-derived-v2.answers.jsonl	artifacts/reproduction_notes/detector_grounded_ascd_20260821/runs/llava-detector-grounded-fixed-n300-start200-seed42-derived-v2.answers.jsonl	b7227782eb28ada40d6c29f2391ca3333823e715f798936a621ca8a8bb2fe3e7	156274
llava-primary-dg-answers	reproduction_notes/detector_grounded_ascd_20260821/runs/llava-detector-grounded-detector-n300-start200-seed42-derived-v2.answers.jsonl	artifacts/reproduction_notes/detector_grounded_ascd_20260821/runs/llava-detector-grounded-detector-n300-start200-seed42-derived-v2.answers.jsonl	389f1ca7205047c950164163f3422730077b200c28f32ea898ad7913e3257cff	158327
llava-primary-fixed-score	reproduction_notes/detector_grounded_ascd_20260821/scores/n300-start200-seed42-derived-v2.fixed.chair.json	artifacts/reproduction_notes/detector_grounded_ascd_20260821/scores/n300-start200-seed42-derived-v2.fixed.chair.json	a102844606eba9f7a064b1986efd1f49d7a885f51a9a369075e529144b972843	845106
llava-primary-dg-score	reproduction_notes/detector_grounded_ascd_20260821/scores/n300-start200-seed42-derived-v2.detector.chair.json	artifacts/reproduction_notes/detector_grounded_ascd_20260821/scores/n300-start200-seed42-derived-v2.detector.chair.json	4f0c4ea1f849aa7a4500f83036d576425a1843492fb6852ec077217b48787519	846772
llava-primary-paired	reproduction_notes/detector_grounded_ascd_20260821/scores/n300-start200-seed42-derived-v2.detector-vs-fixed.comparison.json	artifacts/reproduction_notes/detector_grounded_ascd_20260821/scores/n300-start200-seed42-derived-v2.detector-vs-fixed.comparison.json	631ab067ef0e5cce9260e1212e6a89c792afe2007905fb684fab00a2670089ed	2034
llava-full-action-audit	reproduction_notes/detector_grounded_ascd_20260821/runs/llava-detector-grounded-detector-n500-start0-seed42-confirmation-v2.detector.json	artifacts/reproduction_notes/detector_grounded_ascd_20260821/runs/llava-detector-grounded-detector-n500-start0-seed42-confirmation-v2.detector.json	36f9359453c00bec3307987bb73202c41ec1d08dc44b76d97981694d65f07f56	5171434
qwen-policy	reproduction_notes/detector_grounded_ascd_qwen_20260821/qwen-owlv2-zero-shot-transfer-policy-v1.json	artifacts/reproduction_notes/detector_grounded_ascd_qwen_20260821/qwen-owlv2-zero-shot-transfer-policy-v1.json	689a22d5ef786743bdca99ae8bc9f594467d87790c0ac2d5e0d5e7c03aa4b842	1553
qwen-primary-fixed-answers	reproduction_notes/detector_grounded_ascd_qwen_20260821/runs/qwen-detector-grounded-fixed-n300-start200-seed42-heldout-v1.answers.jsonl	artifacts/reproduction_notes/detector_grounded_ascd_qwen_20260821/runs/qwen-detector-grounded-fixed-n300-start200-seed42-heldout-v1.answers.jsonl	706bc96189d194c068c80df568e104060fc043743c5003daae32135d82314388	113691
qwen-primary-dg-answers	reproduction_notes/detector_grounded_ascd_qwen_20260821/runs/qwen-detector-grounded-detector-n300-start200-seed42-heldout-v1.answers.jsonl	artifacts/reproduction_notes/detector_grounded_ascd_qwen_20260821/runs/qwen-detector-grounded-detector-n300-start200-seed42-heldout-v1.answers.jsonl	dde46955d6a9ba06025a50b4b19374e1ad4575e4006b79429b8f76ad346f50ef	112589
qwen-primary-action-audit	reproduction_notes/detector_grounded_ascd_qwen_20260821/runs/qwen-detector-grounded-detector-n300-start200-seed42-heldout-v1.detector.json	artifacts/reproduction_notes/detector_grounded_ascd_qwen_20260821/runs/qwen-detector-grounded-detector-n300-start200-seed42-heldout-v1.detector.json	bac31e0e8e817d9d183d98670b59cdf40ecd99425d2aeb69d7df7ec8de056177	1549631
qwen-primary-fixed-score	reproduction_notes/detector_grounded_ascd_qwen_20260821/scores/n300-start200-seed42-heldout-v1.fixed.chair.json	artifacts/reproduction_notes/detector_grounded_ascd_qwen_20260821/scores/n300-start200-seed42-heldout-v1.fixed.chair.json	4644484df442f8e3ad2a92bb5f5a3f136250937a41417b5ac0dc0bf90a8e2285	564558
qwen-primary-dg-score	reproduction_notes/detector_grounded_ascd_qwen_20260821/scores/n300-start200-seed42-heldout-v1.detector.chair.json	artifacts/reproduction_notes/detector_grounded_ascd_qwen_20260821/scores/n300-start200-seed42-heldout-v1.detector.chair.json	46bdba4a82357c25c00cf56540673c37e2e7711832d2d3214cabe691b54199a7	553739
qwen-primary-paired	reproduction_notes/detector_grounded_ascd_qwen_20260821/scores/n300-start200-seed42-heldout-v1.detector-vs-fixed.comparison.json	artifacts/reproduction_notes/detector_grounded_ascd_qwen_20260821/scores/n300-start200-seed42-heldout-v1.detector-vs-fixed.comparison.json	32fe973549058bc1f1e205b3f7046eed18b84c73776a94155d8c92130dc0e5c6	2012
qwen-fresh-split	reproduction_notes/detector_grounded_ascd_qwen_20260821/splits/fresh_qwen_holdout_seed20260821_n300.json	artifacts/reproduction_notes/detector_grounded_ascd_qwen_20260821/splits/fresh_qwen_holdout_seed20260821_n300.json	1046f1aec5979a9fd16562432e893b4fe502a43d02d0de62f6a74dd1610fabff	110767
qwen-fresh-split-audit	reproduction_notes/detector_grounded_ascd_qwen_20260821/splits/fresh_qwen_holdout_seed20260821_n300.audit.json	artifacts/reproduction_notes/detector_grounded_ascd_qwen_20260821/splits/fresh_qwen_holdout_seed20260821_n300.audit.json	e9ca1a96917bb36685502086486364f80d4b86cf9f3c1bd91396e366fec57025	610
qwen-fresh-fixed-answers	reproduction_notes/detector_grounded_ascd_qwen_20260821/runs/qwen-detector-generalization-fixed-n300-fresh20260821-v1.answers.jsonl	artifacts/reproduction_notes/detector_grounded_ascd_qwen_20260821/runs/qwen-detector-generalization-fixed-n300-fresh20260821-v1.answers.jsonl	1d08f3746c49b86cf7721748187303b0ebcdc7157acde8ef1f2ca3ac0ff98fae	121308
qwen-fresh-dg-answers	reproduction_notes/detector_grounded_ascd_qwen_20260821/runs/qwen-detector-generalization-detector-n300-fresh20260821-v1.answers.jsonl	artifacts/reproduction_notes/detector_grounded_ascd_qwen_20260821/runs/qwen-detector-generalization-detector-n300-fresh20260821-v1.answers.jsonl	5ae52bc6cd3962a25cdd231cf3552d3cee016a8584cc0bbb3787ef53f35b48e7	118542
qwen-fresh-action-audit	reproduction_notes/detector_grounded_ascd_qwen_20260821/runs/qwen-detector-generalization-detector-n300-fresh20260821-v1.detector.json	artifacts/reproduction_notes/detector_grounded_ascd_qwen_20260821/runs/qwen-detector-generalization-detector-n300-fresh20260821-v1.detector.json	e3056c42e12bebc6f5ae72611cd0ebb91d83471d08c6515cc3cf6c4b7fa9675a	1605412
qwen-fresh-fixed-score	reproduction_notes/detector_grounded_ascd_qwen_20260821/scores/fresh-n300-seed20260821-threeway-v1.fixed.chair.json	artifacts/reproduction_notes/detector_grounded_ascd_qwen_20260821/scores/fresh-n300-seed20260821-threeway-v1.fixed.chair.json	690dd6180fae014aa82cc30819fd4c3752a229e480ae1521b79aab9aba1517fe	592619
qwen-fresh-dg-score	reproduction_notes/detector_grounded_ascd_qwen_20260821/scores/fresh-n300-seed20260821-threeway-v1.detector.chair.json	artifacts/reproduction_notes/detector_grounded_ascd_qwen_20260821/scores/fresh-n300-seed20260821-threeway-v1.detector.chair.json	f0d6fe84767585880fa2eabdf5bc1dd33b2d7a97a634d40baff2845bafac498f	578819
qwen-fresh-paired	reproduction_notes/detector_grounded_ascd_qwen_20260821/scores/fresh-n300-seed20260821-threeway-v1.detector-vs-fixed.comparison.json	artifacts/reproduction_notes/detector_grounded_ascd_qwen_20260821/scores/fresh-n300-seed20260821-threeway-v1.detector-vs-fixed.comparison.json	b4c80f83c7cd701ad3dc9026761c2f03fb93f324588c4547f75a23a56c1724bd	2059
amber-manifest	reproduction_notes/amber_hard_detector_ascd_20260826/manifests/amber_generative_full_n1004.json	artifacts/reproduction_notes/amber_hard_detector_ascd_20260826/manifests/amber_generative_full_n1004.json	1cdae1cccb7c021a8e28a35bc3f8bdb812b6ad28c81d03ec726d349e568ea580	22992
amber-vanilla	reproduction_notes/amber_hard_detector_ascd_20260826/runs/amber-vanilla-full-n1004-v1.responses.json	artifacts/reproduction_notes/amber_hard_detector_ascd_20260826/runs/amber-vanilla-full-n1004-v1.responses.json	401fe4814aad81bae49bb32a932c4a81a2acf5a8d652c1deb334b447f61c31b1	459361
amber-fixed	reproduction_notes/amber_hard_detector_ascd_20260826/runs/amber-fixed-full-n1004-v1.responses.json	artifacts/reproduction_notes/amber_hard_detector_ascd_20260826/runs/amber-fixed-full-n1004-v1.responses.json	cf4dd8e1fd839c63d55541668f7ca7eea2ef745d455074cea9e48676b6339329	478107
amber-dg	reproduction_notes/amber_hard_detector_ascd_20260826/runs/amber-detector-full-n1004-v1.responses.json	artifacts/reproduction_notes/amber_hard_detector_ascd_20260826/runs/amber-detector-full-n1004-v1.responses.json	a18c8b7bbf2b851fc9853e54240bc8a6bec6529ae924d3a30a017100253de5f1	474573
amber-action-audit	reproduction_notes/amber_hard_detector_ascd_20260826/runs/amber-detector-full-n1004-v1.detector.json	artifacts/reproduction_notes/amber_hard_detector_ascd_20260826/runs/amber-detector-full-n1004-v1.detector.json	c57e8bfd4cc7267845ae7608b6307966eb49a26d5a2d793b1f96c98b7c738c9d	7653499
amber-paired-score	reproduction_notes/amber_hard_detector_ascd_20260826/scores/full_n1004_paired_cached_vectorized_2026-08-26.json	artifacts/reproduction_notes/amber_hard_detector_ascd_20260826/scores/full_n1004_paired_cached_vectorized_2026-08-26.json	bc9ea975b1d651986eb6fded5df35e807f225eb57e3467af2d41d519dc65fc32	4104
amber-transition-audit	reproduction_notes/amber_hard_detector_ascd_20260826/scores/full_n1004_transition_audit_2026-08-26.json	artifacts/reproduction_notes/amber_hard_detector_ascd_20260826/scores/full_n1004_transition_audit_2026-08-26.json	8e042d1cdef2171b8566bb7d11d4c7c5b87392f69443946a1831962d5253ae09	767
amber-case-pool	reproduction_notes/amber_hard_detector_ascd_20260826/scores/figure_case_candidates_v1.json	artifacts/reproduction_notes/amber_hard_detector_ascd_20260826/scores/figure_case_candidates_v1.json	defa2633bcec05a6083d7ad797bdb302906530ae7dac987944f1dfb343e612e8	338435
pope-protocol	reproduction_notes/hard_detector_pope_evaluation_20260824/frozen_protocol_2026-08-24.md	artifacts/reproduction_notes/hard_detector_pope_evaluation_20260824/frozen_protocol_2026-08-24.md	850cbf0ae19af82c6b341991841e07e9a288ecaa4a95f0acfd8f06a3af5db0ae	3179
pope-fixed	reproduction_notes/hard_detector_pope_evaluation_20260824/runs/fixed-full-n8910.answers.jsonl	artifacts/reproduction_notes/hard_detector_pope_evaluation_20260824/runs/fixed-full-n8910.answers.jsonl	57f334e5b068983f2d2b56b8394fdfcb1ed01be72185624c78daccfa23fc5120	2222449
pope-dg	reproduction_notes/hard_detector_pope_evaluation_20260824/runs/detector-full-n8910.answers.jsonl	artifacts/reproduction_notes/hard_detector_pope_evaluation_20260824/runs/detector-full-n8910.answers.jsonl	8ae1fc6fc2c411f88ebf41040ce37367020752f7fe7bcff5a0536dcd9075fd8b	2222449
pope-action-audit	reproduction_notes/hard_detector_pope_evaluation_20260824/runs/detector-full-n8910.audit.json	artifacts/reproduction_notes/hard_detector_pope_evaluation_20260824/runs/detector-full-n8910.audit.json	02b9ce5da230d937d780593101b79a357c6bd56aff8daa8b9b454a3c94500a68	5150953
pope-paired-score	reproduction_notes/hard_detector_pope_evaluation_20260824/scores/full-n8910-paired.json	artifacts/reproduction_notes/hard_detector_pope_evaluation_20260824/scores/full-n8910-paired.json	3348f88a4e301a078a403bc863f5f7d75dbdee371d3a07483d97067ac7e9f171	14115
efficiency-protocol	reproduction_notes/detector_efficiency_amber_20260827/frozen_efficiency_protocol_2026-08-27.md	artifacts/reproduction_notes/detector_efficiency_amber_20260827/frozen_efficiency_protocol_2026-08-27.md	b5d8358631f56524691c88e87d575fbb81a78dfb8e94eca41f02eb72775718b3	2155
efficiency-summary	reproduction_notes/detector_efficiency_amber_20260827/amber_n20_cost_summary_2026-08-27.json	artifacts/reproduction_notes/detector_efficiency_amber_20260827/amber_n20_cost_summary_2026-08-27.json	6c6d6bdbe01825607f5d8987ae04b33fa9999a625981200fd496cebd2357fc7c	11240
vcd-source	data/llava_dataset/CHAIR/answers/llava_v1.5_7b-vcd.jsonl	artifacts/data/llava_dataset/CHAIR/answers/llava_v1.5_7b-vcd.jsonl	e8ea6232f063c37f79904c76cac840ee5e66da5e49c1e46561da8f9124ce5848	278474
vcd-derived-answers	reproduction_notes/vcd_unified_baseline_20260910/llava-vcd-n300-start200-seed42-primary.answers.jsonl	artifacts/reproduction_notes/vcd_unified_baseline_20260910/llava-vcd-n300-start200-seed42-primary.answers.jsonl	a8cc0569f3a0d012b03b2de566a997c7d494a1b0d653333eaeb09609ef2967ec	164607
vcd-score	reproduction_notes/vcd_unified_baseline_20260910/llava-vcd-n300-start200-seed42-primary.chair.json	artifacts/reproduction_notes/vcd_unified_baseline_20260910/llava-vcd-n300-start200-seed42-primary.chair.json	c0695b487a27fad29b120cdfd9da6ab08ea1c72b7aed27ea9d2a8b957710b5fa	871017
vcd-derivation-audit	reproduction_notes/vcd_unified_baseline_20260910/derivation_audit.json	artifacts/reproduction_notes/vcd_unified_baseline_20260910/derivation_audit.json	f58f527c0e6750bddc97924804dd630125f3ea861cb78dd71d7c8cbf4103ad5d	963
vcd-vs-fixed	reproduction_notes/vcd_unified_baseline_20260910/llava-primary-fixed-minus-vcd.comparison.json	artifacts/reproduction_notes/vcd_unified_baseline_20260910/llava-primary-fixed-minus-vcd.comparison.json	930c216eec0478a52b022c40925160e66caef1624d6d6e064da5248f6e4e6ed9	2008
vcd-report	reproduction_notes/vcd_unified_baseline_20260910/vcd_unified_baseline_report_2026-09-10.md	artifacts/reproduction_notes/vcd_unified_baseline_20260910/vcd_unified_baseline_report_2026-09-10.md	e5792bcf2f484ce4526d6c7308b106dd074ce7343ae39d246ce32b3f776ef996	2625
sensitivity-artifact	reproduction_notes/dg_ascd_sensitivity_20260910/policy_tau0100_k8.json	artifacts/reproduction_notes/dg_ascd_sensitivity_20260910/policy_tau0100_k8.json	417098dcd9da3c5b91495e31f8cd356e10f6596d6a16f11d6a94fea2fac0c16f	1083
sensitivity-artifact	reproduction_notes/dg_ascd_sensitivity_20260910/policy_tau0120_k8.json	artifacts/reproduction_notes/dg_ascd_sensitivity_20260910/policy_tau0120_k8.json	0103b1b81a5d08bd3f30b2a7373e017535e41f3a786d83d295f607a5b6bd0b9b	1084
sensitivity-artifact	reproduction_notes/dg_ascd_sensitivity_20260910/policy_tau0142351_k16.json	artifacts/reproduction_notes/dg_ascd_sensitivity_20260910/policy_tau0142351_k16.json	d101191a0dee651c9c87ad9cfc9d1c73447d3a8436915214c91443c165984094	1074
sensitivity-artifact	reproduction_notes/dg_ascd_sensitivity_20260910/policy_tau0142351_k4.json	artifacts/reproduction_notes/dg_ascd_sensitivity_20260910/policy_tau0142351_k4.json	b49542655fa0b503c1c501a81bd7c14f03d84783c6f064db591e452ec458b191	1073
sensitivity-artifact	reproduction_notes/dg_ascd_sensitivity_20260910/policy_tau0160_k8.json	artifacts/reproduction_notes/dg_ascd_sensitivity_20260910/policy_tau0160_k8.json	f48a82abc41259c5fc225c666d02023dd587494dc16234b81a0d31c81fa130df	1084
sensitivity-artifact	reproduction_notes/dg_ascd_sensitivity_20260910/policy_tau0180_k8.json	artifacts/reproduction_notes/dg_ascd_sensitivity_20260910/policy_tau0180_k8.json	341dbde213f10df473a0eae4dfaf75b310eb62e0770d0ee4381c27d256d268c7	1084
sensitivity-artifact	reproduction_notes/dg_ascd_sensitivity_20260910/sensitivity_protocol_2026-09-10.md	artifacts/reproduction_notes/dg_ascd_sensitivity_20260910/sensitivity_protocol_2026-09-10.md	8ac07348be0a018ab7387015a784e5189eddae29881663923832099b43f5ac32	1955
sensitivity-artifact	reproduction_notes/dg_ascd_sensitivity_20260910/sensitivity_results_report_2026-09-10.md	artifacts/reproduction_notes/dg_ascd_sensitivity_20260910/sensitivity_results_report_2026-09-10.md	8fff38775701b7ae5fe1bbd0b86e833c56a647432285214e1e463c7ff60d6458	3605
sensitivity-artifact	reproduction_notes/dg_ascd_sensitivity_20260910/tau0100_k8.chair.json	artifacts/reproduction_notes/dg_ascd_sensitivity_20260910/tau0100_k8.chair.json	ddc6fcaba28222287cf0f65d1df0036e64acd6f4d119b1ffe92cf3555c0b404a	851737
sensitivity-artifact	reproduction_notes/dg_ascd_sensitivity_20260910/tau0100_k8.vs_fixed.comparison.json	artifacts/reproduction_notes/dg_ascd_sensitivity_20260910/tau0100_k8.vs_fixed.comparison.json	2dbac33c683e50075eb50c6c560132e7a840336f4707d1e92c6f739881ba23a9	1993
sensitivity-artifact	reproduction_notes/dg_ascd_sensitivity_20260910/tau0120_k8.chair.json	artifacts/reproduction_notes/dg_ascd_sensitivity_20260910/tau0120_k8.chair.json	7932ada40f015e540b729ee448788c101a4c0141d267f20855a178683d0716e8	850927
sensitivity-artifact	reproduction_notes/dg_ascd_sensitivity_20260910/tau0120_k8.vs_fixed.comparison.json	artifacts/reproduction_notes/dg_ascd_sensitivity_20260910/tau0120_k8.vs_fixed.comparison.json	dcec4521742e2b002a3eca57f6996be40fe17b476fd9bc6266769410e801dea2	1976
sensitivity-artifact	reproduction_notes/dg_ascd_sensitivity_20260910/tau0142351_k16.chair.json	artifacts/reproduction_notes/dg_ascd_sensitivity_20260910/tau0142351_k16.chair.json	d7adaf97a3da021c750c6ce49db5e864f6fdad77e671b46c7f303b27dd87cd0c	846772
sensitivity-artifact	reproduction_notes/dg_ascd_sensitivity_20260910/tau0142351_k16.vs_fixed.comparison.json	artifacts/reproduction_notes/dg_ascd_sensitivity_20260910/tau0142351_k16.vs_fixed.comparison.json	babad3930918c1f129cd8fd9cd63b901bad447716c4ecacab3f0e7e5e4af27c4	1998
sensitivity-artifact	reproduction_notes/dg_ascd_sensitivity_20260910/tau0142351_k4.chair.json	artifacts/reproduction_notes/dg_ascd_sensitivity_20260910/tau0142351_k4.chair.json	3e3fb52222393ec7721fc39838ada1d1b4c1acd8a327f528f7a28c268c12dae6	846772
sensitivity-artifact	reproduction_notes/dg_ascd_sensitivity_20260910/tau0142351_k4.vs_fixed.comparison.json	artifacts/reproduction_notes/dg_ascd_sensitivity_20260910/tau0142351_k4.vs_fixed.comparison.json	5114c4130295256eadfa1257f1729e4cc065c50cafd74229a5cf27681376f757	1997
sensitivity-artifact	reproduction_notes/dg_ascd_sensitivity_20260910/tau0160_k8.chair.json	artifacts/reproduction_notes/dg_ascd_sensitivity_20260910/tau0160_k8.chair.json	c58c936e074c16e6571828d829d8851d58f9810741a514e0df74d285fcd126e7	850870
sensitivity-artifact	reproduction_notes/dg_ascd_sensitivity_20260910/tau0160_k8.vs_fixed.comparison.json	artifacts/reproduction_notes/dg_ascd_sensitivity_20260910/tau0160_k8.vs_fixed.comparison.json	b3876d4423e6fec926fe8c8671eae55d517a2222c9ca75f6b1e85215b849c0a1	2020
sensitivity-artifact	reproduction_notes/dg_ascd_sensitivity_20260910/tau0180_k8.chair.json	artifacts/reproduction_notes/dg_ascd_sensitivity_20260910/tau0180_k8.chair.json	0a655b72942b880f1b14be4ea081140b332e1d79aa70d62936c92a6e30c079b8	857818
sensitivity-artifact	reproduction_notes/dg_ascd_sensitivity_20260910/tau0180_k8.vs_fixed.comparison.json	artifacts/reproduction_notes/dg_ascd_sensitivity_20260910/tau0180_k8.vs_fixed.comparison.json	9538d32b2f7d070b1aa0ef625ef54c47f8c5a76108e8f8e585c4f31f6377673e	1993
sensitivity-run-answers	reproduction_notes/detector_grounded_ascd_20260821/runs/llava-detector-grounded-detector-n300-start200-seed42-sens-tau0100-k8-20260910-v3.answers.jsonl	artifacts/reproduction_notes/detector_grounded_ascd_20260821/runs/llava-detector-grounded-detector-n300-start200-seed42-sens-tau0100-k8-20260910-v3.answers.jsonl	329fe56c323c01f0fa63bdf8ab1639bc400bf6eba1c6907c942802a2a9a68334	158648
sensitivity-run-audit	reproduction_notes/detector_grounded_ascd_20260821/runs/llava-detector-grounded-detector-n300-start200-seed42-sens-tau0100-k8-20260910-v3.detector.json	artifacts/reproduction_notes/detector_grounded_ascd_20260821/runs/llava-detector-grounded-detector-n300-start200-seed42-sens-tau0100-k8-20260910-v3.detector.json	e179c6b7d361db6197cff77e57f43d2b8dcc3c41a7389c314d12084019b2be43	2941453
sensitivity-run-answers	reproduction_notes/detector_grounded_ascd_20260821/runs/llava-detector-grounded-detector-n300-start200-seed42-sens-tau0120-k8-20260910-v3.answers.jsonl	artifacts/reproduction_notes/detector_grounded_ascd_20260821/runs/llava-detector-grounded-detector-n300-start200-seed42-sens-tau0120-k8-20260910-v3.answers.jsonl	cb03086991a6be5b50418f5a19979d138506964c301cdd7836471bc59d159cb8	158967
sensitivity-run-audit	reproduction_notes/detector_grounded_ascd_20260821/runs/llava-detector-grounded-detector-n300-start200-seed42-sens-tau0120-k8-20260910-v3.detector.json	artifacts/reproduction_notes/detector_grounded_ascd_20260821/runs/llava-detector-grounded-detector-n300-start200-seed42-sens-tau0120-k8-20260910-v3.detector.json	5a7e463fb1d658faef9c086b9447334850d58d3f97fe5ff55ed6834f44936383	2928090
sensitivity-run-answers	reproduction_notes/detector_grounded_ascd_20260821/runs/llava-detector-grounded-detector-n300-start200-seed42-sens-tau0142351-k16-20260910-v2.answers.jsonl	artifacts/reproduction_notes/detector_grounded_ascd_20260821/runs/llava-detector-grounded-detector-n300-start200-seed42-sens-tau0142351-k16-20260910-v2.answers.jsonl	389f1ca7205047c950164163f3422730077b200c28f32ea898ad7913e3257cff	158327
sensitivity-run-audit	reproduction_notes/detector_grounded_ascd_20260821/runs/llava-detector-grounded-detector-n300-start200-seed42-sens-tau0142351-k16-20260910-v2.detector.json	artifacts/reproduction_notes/detector_grounded_ascd_20260821/runs/llava-detector-grounded-detector-n300-start200-seed42-sens-tau0142351-k16-20260910-v2.detector.json	915ec6db013f6fcc77557c2116da7df9da857f8f880ef13dae80421e9c157059	3073191
sensitivity-run-answers	reproduction_notes/detector_grounded_ascd_20260821/runs/llava-detector-grounded-detector-n300-start200-seed42-sens-tau0142351-k4-20260910-v2.answers.jsonl	artifacts/reproduction_notes/detector_grounded_ascd_20260821/runs/llava-detector-grounded-detector-n300-start200-seed42-sens-tau0142351-k4-20260910-v2.answers.jsonl	389f1ca7205047c950164163f3422730077b200c28f32ea898ad7913e3257cff	158327
sensitivity-run-audit	reproduction_notes/detector_grounded_ascd_20260821/runs/llava-detector-grounded-detector-n300-start200-seed42-sens-tau0142351-k4-20260910-v2.detector.json	artifacts/reproduction_notes/detector_grounded_ascd_20260821/runs/llava-detector-grounded-detector-n300-start200-seed42-sens-tau0142351-k4-20260910-v2.detector.json	d8e8389e87e5fedde0d9ba62acb11ccaccf70b0575076dec911d950fb1478a80	2727263
sensitivity-run-answers	reproduction_notes/detector_grounded_ascd_20260821/runs/llava-detector-grounded-detector-n300-start200-seed42-sens-tau0160-k8-20260910-v2.answers.jsonl	artifacts/reproduction_notes/detector_grounded_ascd_20260821/runs/llava-detector-grounded-detector-n300-start200-seed42-sens-tau0160-k8-20260910-v2.answers.jsonl	153c81fb2d2201e72a46be008ede34c4dd147a3ac24bfd1fc2ebe5dbcf02b63d	158814
sensitivity-run-audit	reproduction_notes/detector_grounded_ascd_20260821/runs/llava-detector-grounded-detector-n300-start200-seed42-sens-tau0160-k8-20260910-v2.detector.json	artifacts/reproduction_notes/detector_grounded_ascd_20260821/runs/llava-detector-grounded-detector-n300-start200-seed42-sens-tau0160-k8-20260910-v2.detector.json	ef428ce4734daf614953242b18cfa1bbd715e6df5d52774f5589978b098707ed	3007661
sensitivity-run-answers	reproduction_notes/detector_grounded_ascd_20260821/runs/llava-detector-grounded-detector-n300-start200-seed42-sens-tau0180-k8-20260910-v2.answers.jsonl	artifacts/reproduction_notes/detector_grounded_ascd_20260821/runs/llava-detector-grounded-detector-n300-start200-seed42-sens-tau0180-k8-20260910-v2.answers.jsonl	2b0c3b360130a5c20150596751a84e98c639503faeb56cba24d9330ca5bc316c	160665
sensitivity-run-audit	reproduction_notes/detector_grounded_ascd_20260821/runs/llava-detector-grounded-detector-n300-start200-seed42-sens-tau0180-k8-20260910-v2.detector.json	artifacts/reproduction_notes/detector_grounded_ascd_20260821/runs/llava-detector-grounded-detector-n300-start200-seed42-sens-tau0180-k8-20260910-v2.detector.json	fb0e27d4e817940833bc503a667abad02625a54a2f8a17dab62226ebaabd9ee3	3119928
